Workbook

Sheet Sheet1
A1: No | B1: Angka 1 | C1: Angka 2 | D1: Angka 3 | E1: Angka 4 | F1: Kunci Jawaban | J1: A | K1: B | L1: C | M1: D | N1: E
A2: 1 | B2: ψ | C2: Ω | D2: δ | E2: ϕ | F2: D (ℵ) | J2: δ | K2: ϕ | L2: Ω | M2: ℵ | N2: ψ
A3: 2 | B3: Ω | C3: ℵ | D3: ϕ | E3: ψ | F3: A (δ)
A4: 3 | B4: δ | C4: ϕ | D4: ψ | E4: ℵ | F4: C (Ω)
A5: 4 | B5: ϕ | C5: ℵ | D5: Ω | E5: ψ | F5: A (δ)
A6: 5 | B6: δ | C6: ℵ | D6: ϕ | E6: ψ | F6: C (Ω)
A7: 6 | B7: ψ | C7: δ | D7: ϕ | E7: Ω | F7: D (ℵ)
A8: 7 | B8: ϕ | C8: ℵ | D8: ψ | E8: δ | F8: C (Ω)
A9: 8 | B9: Ω | C9: δ | D9: ϕ | E9: ℵ | F9: E (ψ)
A10: 9 | B10: ψ | C10: ℵ | D10: δ | E10: Ω | F10: B (ϕ)
A11: 10 | B11: ϕ | C11: Ω | D11: ℵ | E11: ψ | F11: A (δ)
A12: 11 | B12: δ | C12: ℵ | D12: Ω | E12: ϕ | F12: E (ψ)
A13: 12 | B13: Ω | C13: ψ | D13: δ | E13: ℵ | F13: B (ϕ)
A14: 13 | B14: ℵ | C14: ϕ | D14: ψ | E14: δ | F14: C (Ω)
... A51: 50 | B51: ψ | C51: Ω | D51: ϕ | E51: δ | F51: D (ℵ)

Sheet Sheet2
A2: 1 | C2: =Sheet1!J2 -> δ | D2: =Sheet1!K2 -> ϕ | E2: =Sheet1!L2 -> Ω | F2: =Sheet1!M2 -> ℵ | G2: =Sheet1!N2 -> ψ | J2: 11 | L2: =Sheet1!J2 -> δ | M2: =Sheet1!K2 -> ϕ | N2: =Sheet1!L2 -> Ω | O2: =Sheet1!M2 -> ℵ | P2: =Sheet1!N2 -> ψ | R2: 21 | T2: =Sheet1!J2 -> δ | U2: =Sheet1!K2 -> ϕ | V2: =Sheet1!L2 -> Ω | W2: =Sheet1!M2 -> ℵ | X2: =Sheet1!N2 -> ψ | AA2: 31 | AC2: =Sheet1!J2 -> δ | AD2: =Sheet1!K2 -> ϕ | AE2: =Sheet1!L2 -> Ω | AF2: =Sheet1!M2 -> ℵ | AG2: =Sheet1!N2 -> ψ | AI2: 41 | AK2: =Sheet1!J2 -> δ | AL2: =Sheet1!K2 -> ϕ | AM2: =Sheet1!L2 -> Ω | AN2: =Sheet1!M2 -> ℵ | AO2: =Sheet1!N2 -> ψ
C3: A | D3: B | E3: C | F3: D | G3: E | L3: A | M3: B | N3: C | O3: D | P3: E | T3: A | U3: B | V3: C | W3: D | X3: E | AC3: A | AD3: B | AE3: C | AF3: D | AG3: E | AK3: A | AL3: B | AM3: C | AN3: D | AO3: E
C5: =Sheet1!B2 -> ψ | D5: =Sheet1!C2 -> Ω | E5: =Sheet1!D2 -> δ | F5: =Sheet1!E2 -> ϕ | L5: =Sheet1!B12 -> δ | M5: =Sheet1!C12 -> ℵ | N5: =Sheet1!D12 -> Ω | O5: =Sheet1!E12 -> ϕ | T5: =Sheet1!B22 -> Ω | U5: =Sheet1!C22 -> ℵ | V5: =Sheet1!D22 -> ϕ | W5: =Sheet1!E22 -> δ | AC5: =Sheet1!B32 -> ϕ | AD5: =Sheet1!C32 -> δ | AE5: =Sheet1!D32 -> ψ | AF5: =Sheet1!E32 -> Ω | AK5: =Sheet1!B42 -> ϕ | AL5: =Sheet1!C42 -> ψ | AM5: =Sheet1!D42 -> ℵ | AN5: =Sheet1!E42 -> Ω
A8: 2 | C8: =Sheet1!J2 -> δ | D8: =Sheet1!K2 -> ϕ | E8: =Sheet1!L2 -> Ω | F8: =Sheet1!M2 -> ℵ | G8: =Sheet1!N2 -> ψ | J8: 12 | L8: =Sheet1!J2 -> δ | M8: =Sheet1!K2 -> ϕ | N8: =Sheet1!L2 -> Ω | O8: =Sheet1!M2 -> ℵ | P8: =Sheet1!N2 -> ψ | R8: 22 | T8: =Sheet1!J2 -> δ | U8: =Sheet1!K2 -> ϕ | V8: =Sheet1!L2 -> Ω | W8: =Sheet1!M2 -> ℵ | X8: =Sheet1!N2 -> ψ | AA8: 32 | AC8: =Sheet1!J2 -> δ | AD8: =Sheet1!K2 -> ϕ | AE8: =Sheet1!L2 -> Ω | AF8: =Sheet1!M2 -> ℵ | AG8: =Sheet1!N2 -> ψ | AI8: 42 | AK8: =Sheet1!J2 -> δ | AL8: =Sheet1!K2 -> ϕ | AM8: =Sheet1!L2 -> Ω | AN8: =Sheet1!M2 -> ℵ | AO8: =Sheet1!N2 -> ψ
C9: A | D9: B | E9: C | F9: D | G9: E | L9: A | M9: B | N9: C | O9: D | P9: E | T9: A | U9: B | V9: C | W9: D | X9: E | AC9: A | AD9: B | AE9: C | AF9: D | AG9: E | AK9: A | AL9: B | AM9: C | AN9: D | AO9: E
C11: =Sheet1!B3 -> Ω | D11: =Sheet1!C3 -> ℵ | E11: =Sheet1!D3 -> ϕ | F11: =Sheet1!E3 -> ψ | L11: =Sheet1!B13 -> Ω | M11: =Sheet1!C13 -> ψ | N11: =Sheet1!D13 -> δ | O11: =Sheet1!E13 -> ℵ | T11: =Sheet1!B23 -> ϕ | U11: =Sheet1!C23 -> δ | V11: =Sheet1!D23 -> Ω | W11: =Sheet1!E23 -> ℵ | AC11: =Sheet1!B33 -> δ | AD11: =Sheet1!C33 -> Ω | AE11: =Sheet1!D33 -> ϕ | AF11: =Sheet1!E33 -> ℵ | AK11: =Sheet1!B43 -> δ | AL11: =Sheet1!C43 -> ℵ | AM11: =Sheet1!D43 -> Ω | AN11: =Sheet1!E43 -> ϕ
A14: 3 | C14: =Sheet1!J2 -> δ | D14: =Sheet1!K2 -> ϕ | E14: =Sheet1!L2 -> Ω | F14: =Sheet1!M2 -> ℵ | G14: =Sheet1!N2 -> ψ | J14: 13 | L14: =Sheet1!J2 -> δ | M14: =Sheet1!K2 -> ϕ | N14: =Sheet1!L2 -> Ω | O14: =Sheet1!M2 -> ℵ | P14: =Sheet1!N2 -> ψ | R14: 23 | T14: =Sheet1!J2 -> δ | U14: =Sheet1!K2 -> ϕ | V14: =Sheet1!L2 -> Ω | W14: =Sheet1!M2 -> ℵ | X14: =Sheet1!N2 -> ψ | AA14: 33 | AC14: =Sheet1!J2 -> δ | AD14: =Sheet1!K2 -> ϕ | AE14: =Sheet1!L2 -> Ω | AF14: =Sheet1!M2 -> ℵ | AG14: =Sheet1!N2 -> ψ | AI14: 43 | AK14: =Sheet1!J2 -> δ | AL14: =Sheet1!K2 -> ϕ | AM14: =Sheet1!L2 -> Ω | AN14: =Sheet1!M2 -> ℵ | AO14: =Sheet1!N2 -> ψ
C15: A | D15: B | E15: C | F15: D | G15: E | L15: A | M15: B | N15: C | O15: D | P15: E | T15: A | U15: B | V15: C | W15: D | X15: E | AC15: A | AD15: B | AE15: C | AF15: D | AG15: E | AK15: A | AL15: B | AM15: C | AN15: D | AO15: E
C17: =Sheet1!B4 -> δ | D17: =Sheet1!C4 -> ϕ | E17: =Sheet1!D4 -> ψ | F17: =Sheet1!E4 -> ℵ | L17: =Sheet1!B14 -> ℵ | M17: =Sheet1!C14 -> ϕ | N17: =Sheet1!D14 -> ψ | O17: =Sheet1!E14 -> δ | T17: =Sheet1!B24 -> δ | U17: =Sheet1!C24 -> ψ | V17: =Sheet1!D24 -> ℵ | W17: =Sheet1!E24 -> Ω | AC17: =Sheet1!B34 -> Ω | AD17: =Sheet1!C34 -> ψ | AE17: =Sheet1!D34 -> ℵ | AF17: =Sheet1!E34 -> ϕ | AK17: =Sheet1!B44 -> Ω | AL17: =Sheet1!C44 -> δ | AM17: =Sheet1!D44 -> ϕ | AN17: =Sheet1!E44 -> ψ
A20: 4 | C20: =Sheet1!J2 -> δ | D20: =Sheet1!K2 -> ϕ | E20: =Sheet1!L2 -> Ω | F20: =Sheet1!M2 -> ℵ | G20: =Sheet1!N2 -> ψ | J20: 14 | L20: =Sheet1!J2 -> δ | M20: =Sheet1!K2 -> ϕ | N20: =Sheet1!L2 -> Ω | O20: =Sheet1!M2 -> ℵ | P20: =Sheet1!N2 -> ψ | R20: 24 | T20: =Sheet1!J2 -> δ | U20: =Sheet1!K2 -> ϕ | V20: =Sheet1!L2 -> Ω | W20: =Sheet1!M2 -> ℵ | X20: =Sheet1!N2 -> ψ | AA20: 34 | AC20: =Sheet1!J2 -> δ | AD20: =Sheet1!K2 -> ϕ | AE20: =Sheet1!L2 -> Ω | AF20: =Sheet1!M2 -> ℵ | AG20: =Sheet1!N2 -> ψ | AI20: 44 | AK20: =Sheet1!J2 -> δ | AL20: =Sheet1!K2 -> ϕ | AM20: =Sheet1!L2 -> Ω | AN20: =Sheet1!M2 -> ℵ | AO20: =Sheet1!N2 -> ψ
C21: A | D21: B | E21: C | F21: D | G21: E | L21: A | M21: B | N21: C | O21: D | P21: E | T21: A | U21: B | V21: C | W21: D | X21: E | AC21: A | AD21: B | AE21: C | AF21: D | AG21: E | AK21: A | AL21: B | AM21: C | AN21: D | AO21: E
C23: =Sheet1!B20 -> δ | D23: =Sheet1!C20 -> Ω | E23: =Sheet1!D20 -> ψ | F23: =Sheet1!E20 -> ϕ | L23: =Sheet1!B15 -> δ | M23: =Sheet1!C15 -> ϕ | N23: =Sheet1!D15 -> Ω | O23: =Sheet1!E15 -> ℵ | T23: =Sheet1!B25 -> ℵ | U23: =Sheet1!C25 -> Ω | V23: =Sheet1!D25 -> ψ | W23: =Sheet1!E25 -> ϕ | AC23: =Sheet1!B35 -> ℵ | AD23: =Sheet1!C35 -> δ | AE23: =Sheet1!D35 -> Ω | AF23: =Sheet1!E35 -> ψ | AK23: =Sheet1!B45 -> ℵ | AL23: =Sheet1!C45 -> ϕ | AM23: =Sheet1!D45 -> ψ | AN23: =Sheet1!E45 -> δ
A26: 5 | C26: =Sheet1!J2 -> δ | D26: =Sheet1!K2 -> ϕ | E26: =Sheet1!L2 -> Ω | F26: =Sheet1!M2 -> ℵ | G26: =Sheet1!N2 -> ψ | J26: 15 | L26: =Sheet1!J2 -> δ | M26: =Sheet1!K2 -> ϕ | N26: =Sheet1!L2 -> Ω | O26: =Sheet1!M2 -> ℵ | P26: =Sheet1!N2 -> ψ | R26: 25 | T26: =Sheet1!J2 -> δ | U26: =Sheet1!K2 -> ϕ | V26: =Sheet1!L2 -> Ω | W26: =Sheet1!M2 -> ℵ | X26: =Sheet1!N2 -> ψ | AA26: 35 | AC26: =Sheet1!J2 -> δ | AD26: =Sheet1!K2 -> ϕ | AE26: =Sheet1!L2 -> Ω | AF26: =Sheet1!M2 -> ℵ | AG26: =Sheet1!N2 -> ψ | AI26: 45 | AK26: =Sheet1!J2 -> δ | AL26: =Sheet1!K2 -> ϕ | AM26: =Sheet1!L2 -> Ω | AN26: =Sheet1!M2 -> ℵ | AO26: =Sheet1!N2 -> ψ
C27: A | D27: B | E27: C | F27: D | G27: E | L27: A | M27: B | N27: C | O27: D | P27: E | T27: A | U27: B | V27: C | W27: D | X27: E | AC27: A | AD27: B | AE27: C | AF27: D | AG27: E | AK27: A | AL27: B | AM27: C | AN27: D | AO27: E
C29: =Sheet1!B6 -> δ | D29: =Sheet1!C6 -> ℵ | E29: =Sheet1!D6 -> ϕ | F29: =Sheet1!E6 -> ψ | L29: =Sheet1!B16 -> ψ | M29: =Sheet1!C16 -> δ | N29: =Sheet1!D16 -> ℵ | O29: =Sheet1!E16 -> Ω | T29: =Sheet1!B26 -> ψ | U29: =Sheet1!C26 -> ϕ | V29: =Sheet1!D26 -> δ | W29: =Sheet1!E26 -> Ω | AC29: =Sheet1!B36 -> ψ | AD29: =Sheet1!C36 -> ϕ | AE29: =Sheet1!D36 -> δ | AF29: =Sheet1!E36 -> ℵ | AK29: =Sheet1!B46 -> ψ | AL29: =Sheet1!C46 -> Ω | AM29: =Sheet1!D46 -> δ | AN29: =Sheet1!E46 -> ℵ
A32: 6 | C32: =Sheet1!J2 -> δ | D32: =Sheet1!K2 -> ϕ | E32: =Sheet1!L2 -> Ω | F32: =Sheet1!M2 -> ℵ | G32: =Sheet1!N2 -> ψ | J32: 16 | L32: =Sheet1!J2 -> δ | M32: =Sheet1!K2 -> ϕ | N32: =Sheet1!L2 -> Ω | O32: =Sheet1!M2 -> ℵ | P32: =Sheet1!N2 -> ψ | R32: 26 | T32: =Sheet1!J2 -> δ | U32: =Sheet1!K2 -> ϕ | V32: =Sheet1!L2 -> Ω | W32: =Sheet1!M2 -> ℵ | X32: =Sheet1!N2 -> ψ | AA32: 36 | AC32: =Sheet1!J2 -> δ | AD32: =Sheet1!K2 -> ϕ | AE32: =Sheet1!L2 -> Ω | AF32: =Sheet1!M2 -> ℵ | AG32: =Sheet1!N2 -> ψ | AI32: 46 | AK32: =Sheet1!J2 -> δ | AL32: =Sheet1!K2 -> ϕ | AM32: =Sheet1!L2 -> Ω | AN32: =Sheet1!M2 -> ℵ | AO32: =Sheet1!N2 -> ψ
C33: A | D33: B | E33: C | F33: D | G33: E | L33: A | M33: B | N33: C | O33: D | P33: E | T33: A | U33: B | V33: C | W33: D | X33: E | AC33: A | AD33: B | AE33: C | AF33: D | AG33: E | AK33: A | AL33: B | AM33: C | AN33: D | AO33: E
C35: =Sheet1!B7 -> ψ | D35: =Sheet1!C7 -> δ | E35: =Sheet1!D7 -> ϕ | F35: =Sheet1!E7 -> Ω | L35: =Sheet1!B17 -> ϕ | M35: =Sheet1!C17 -> ψ | N35: =Sheet1!D17 -> Ω | O35: =Sheet1!E17 -> δ | T35: =Sheet1!B27 -> ϕ | U35: =Sheet1!C27 -> ℵ | V35: =Sheet1!D27 -> δ | W35: =Sheet1!E27 -> ψ | AC35: =Sheet1!B37 -> ϕ | AD35: =Sheet1!C37 -> Ω | AE35: =Sheet1!D37 -> ψ | AF35: =Sheet1!E37 -> δ | AK35: =Sheet1!B47 -> δ | AL35: =Sheet1!C47 -> ψ | AM35: =Sheet1!D47 -> ϕ | AN35: =Sheet1!E47 -> Ω
A38: 7 | C38: =Sheet1!J2 -> δ | D38: =Sheet1!K2 -> ϕ | E38: =Sheet1!L2 -> Ω | F38: =Sheet1!M2 -> ℵ | G38: =Sheet1!N2 -> ψ | J38: 17 | L38: =Sheet1!J2 -> δ | M38: =Sheet1!K2 -> ϕ | N38: =Sheet1!L2 -> Ω | O38: =Sheet1!M2 -> ℵ | P38: =Sheet1!N2 -> ψ | R38: 27 | T38: =Sheet1!J2 -> δ | U38: =Sheet1!K2 -> ϕ | V38: =Sheet1!L2 -> Ω | W38: =Sheet1!M2 -> ℵ | X38: =Sheet1!N2 -> ψ | AA38: 37 | AC38: =Sheet1!J2 -> δ | AD38: =Sheet1!K2 -> ϕ | AE38: =Sheet1!L2 -> Ω | AF38: =Sheet1!M2 -> ℵ | AG38: =Sheet1!N2 -> ψ | AI38: 47 | AK38: =Sheet1!J2 -> δ | AL38: =Sheet1!K2 -> ϕ | AM38: =Sheet1!L2 -> Ω | AN38: =Sheet1!M2 -> ℵ | AO38: =Sheet1!N2 -> ψ
C39: A | D39: B | E39: C | F39: D | G39: E | L39: A | M39: B | N39: C | O39: D | P39: E | T39: A | U39: B | V39: C | W39: D | X39: E | AC39: A | AD39: B | AE39: C | AF39: D | AG39: E | AK39: A | AL39: B | AM39: C | AN39: D | AO39: E
C41: =Sheet1!B8 -> ϕ | D41: =Sheet1!C8 -> ℵ | E41: =Sheet1!D8 -> ψ | F41: =Sheet1!E8 -> δ | L41: =Sheet1!B18 -> Ω | M41: =Sheet1!C18 -> δ | N41: =Sheet1!D18 -> ℵ | O41: =Sheet1!E18 -> ψ | T41: =Sheet1!B28 -> Ω | U41: =Sheet1!C28 -> δ | V41: =Sheet1!D28 -> ψ | W41: =Sheet1!E28 -> ℵ | AC41: =Sheet1!B38 -> δ | AD41: =Sheet1!C38 -> ψ | AE41: =Sheet1!D38 -> ℵ | AF41: =Sheet1!E38 -> Ω | AK41: =Sheet1!B48 -> ϕ | AL41: =Sheet1!C48 -> ℵ | AM41: =Sheet1!D48 -> Ω | AN41: =Sheet1!E48 -> ψ
A44: 8 | C44: =Sheet1!J2 -> δ | D44: =Sheet1!K2 -> ϕ | E44: =Sheet1!L2 -> Ω | F44: =Sheet1!M2 -> ℵ | G44: =Sheet1!N2 -> ψ | J44: 18 | L44: =Sheet1!J2 -> δ | M44: =Sheet1!K2 -> ϕ | N44: =Sheet1!L2 -> Ω | O44: =Sheet1!M2 -> ℵ | P44: =Sheet1!N2 -> ψ | R44: 28 | T44: =Sheet1!J2 -> δ | U44: =Sheet1!K2 -> ϕ | V44: =Sheet1!L2 -> Ω | W44: =Sheet1!M2 -> ℵ | X44: =Sheet1!N2 -> ψ | AA44: 38 | AC44: =Sheet1!J2 -> δ | AD44: =Sheet1!K2 -> ϕ | AE44: =Sheet1!L2 -> Ω | AF44: =Sheet1!M2 -> ℵ | AG44: =Sheet1!N2 -> ψ | AI44: 48 | AK44: =Sheet1!J2 -> δ | AL44: =Sheet1!K2 -> ϕ | AM44: =Sheet1!L2 -> Ω | AN44: =Sheet1!M2 -> ℵ | AO44: =Sheet1!N2 -> ψ
C45: A | D45: B | E45: C | F45: D | G45: E | L45: A | M45: B | N45: C | O45: D | P45: E | T45: A | U45: B | V45: C | W45: D | X45: E | AC45: A | AD45: B | AE45: C | AF45: D | AG45: E | AK45: A | AL45: B | AM45: C | AN45: D | AO45: E
C47: =Sheet1!B9 -> Ω | D47: =Sheet1!C9 -> δ | E47: =Sheet1!D9 -> ϕ | F47: =Sheet1!E9 -> ℵ | L47: =Sheet1!B19 -> ℵ | M47: =Sheet1!C19 -> ψ | N47: =Sheet1!D19 -> ϕ | O47: =Sheet1!E19 -> Ω | T47: =Sheet1!B29 -> δ | U47: =Sheet1!C29 -> ϕ | V47: =Sheet1!D29 -> Ω | W47: =Sheet1!E29 -> ψ | AC47: =Sheet1!B39 -> Ω | AD47: =Sheet1!C39 -> ϕ | AE47: =Sheet1!D39 -> δ | AF47: =Sheet1!E39 -> ℵ | AK47: =Sheet1!B49 -> Ω | AL47: =Sheet1!C49 -> δ | AM47: =Sheet1!D49 -> ℵ | AN47: =Sheet1!E49 -> ψ
A50: 9 | C50: =Sheet1!J2 -> δ | D50: =Sheet1!K2 -> ϕ | E50: =Sheet1!L2 -> Ω | F50: =Sheet1!M2 -> ℵ | G50: =Sheet1!N2 -> ψ | J50: 19 | L50: =Sheet1!J2 -> δ | M50: =Sheet1!K2 -> ϕ | N50: =Sheet1!L2 -> Ω | O50: =Sheet1!M2 -> ℵ | P50: =Sheet1!N2 -> ψ | R50: 29 | T50: =Sheet1!J2 -> δ | U50: =Sheet1!K2 -> ϕ | V50: =Sheet1!L2 -> Ω | W50: =Sheet1!M2 -> ℵ | X50: =Sheet1!N2 -> ψ | AA50: 39 | AC50: =Sheet1!J2 -> δ | AD50: =Sheet1!K2 -> ϕ | AE50: =Sheet1!L2 -> Ω | AF50: =Sheet1!M2 -> ℵ | AG50: =Sheet1!N2 -> ψ | AI50: 49 | AK50: =Sheet1!J2 -> δ | AL50: =Sheet1!K2 -> ϕ | AM50: =Sheet1!L2 -> Ω | AN50: =Sheet1!M2 -> ℵ | AO50: =Sheet1!N2 -> ψ
C51: A | D51: B | E51: C | F51: D | G51: E | L51: A | M51: B | N51: C | O51: D | P51: E | T51: A | U51: B | V51: C | W51: D | X51: E | AC51: A | AD51: B | AE51: C | AF51: D | AG51: E | AK51: A | AL51: B | AM51: C | AN51: D | AO51: E
C53: =Sheet1!B10 -> ψ | D53: =Sheet1!C10 -> ℵ | E53: =Sheet1!D10 -> δ | F53: =Sheet1!E10 -> Ω | L53: =Sheet1!B20 -> δ | M53: =Sheet1!C20 -> Ω | N53: =Sheet1!D20 -> ψ | O53: =Sheet1!E20 -> ϕ | T53: =Sheet1!B30 -> ℵ | U53: =Sheet1!C30 -> ψ | V53: =Sheet1!D30 -> ϕ | W53: =Sheet1!E30 -> Ω | AC53: =Sheet1!B40 -> ℵ | AD53: =Sheet1!C40 -> δ | AE53: =Sheet1!D40 -> ϕ | AF53: =Sheet1!E40 -> ψ | AK53: =Sheet1!B50 -> ℵ | AL53: =Sheet1!C50 -> ϕ | AM53: =Sheet1!D50 -> δ | AN53: =Sheet1!E50 -> ψ
A56: 10 | C56: =Sheet1!J2 -> δ | D56: =Sheet1!K2 -> ϕ | E56: =Sheet1!L2 -> Ω | F56: =Sheet1!M2 -> ℵ | G56: =Sheet1!N2 -> ψ | J56: 20 | L56: =Sheet1!J2 -> δ | M56: =Sheet1!K2 -> ϕ | N56: =Sheet1!L2 -> Ω | O56: =Sheet1!M2 -> ℵ | P56: =Sheet1!N2 -> ψ | R56: 30 | T56: =Sheet1!J2 -> δ | U56: =Sheet1!K2 -> ϕ | V56: =Sheet1!L2 -> Ω | W56: =Sheet1!M2 -> ℵ | X56: =Sheet1!N2 -> ψ | AA56: 40 | AC56: =Sheet1!J2 -> δ | AD56: =Sheet1!K2 -> ϕ | AE56: =Sheet1!L2 -> Ω | AF56: =Sheet1!M2 -> ℵ | AG56: =Sheet1!N2 -> ψ | AI56: 50 | AK56: =Sheet1!J2 -> δ | AL56: =Sheet1!K2 -> ϕ | AM56: =Sheet1!L2 -> Ω | AN56: =Sheet1!M2 -> ℵ | AO56: =Sheet1!N2 -> ψ
C57: A | D57: B | E57: C | F57: D | G57: E | L57: A | M57: B | N57: C | O57: D | P57: E | T57: A | U57: B | V57: C | W57: D | X57: E | AC57: A | AD57: B | AE57: C | AF57: D | AG57: E | AK57: A | AL57: B | AM57: C | AN57: D | AO57: E
C59: =Sheet1!B11 -> ϕ | D59: =Sheet1!C11 -> Ω | E59: =Sheet1!D11 -> ℵ | F59: =Sheet1!E11 -> ψ | L59: =Sheet1!B21 -> ψ | M59: =Sheet1!C21 -> ϕ | N59: =Sheet1!D21 -> δ | O59: =Sheet1!E21 -> ℵ | T59: =Sheet1!B31 -> ψ | U59: =Sheet1!C31 -> Ω | V59: =Sheet1!D31 -> ℵ | W59: =Sheet1!E31 -> δ | AC59: =Sheet1!B41 -> ψ | AD59: =Sheet1!C41 -> Ω | AE59: =Sheet1!D41 -> δ | AF59: =Sheet1!E41 -> ϕ | AK59: =Sheet1!B51 -> ψ | AL59: =Sheet1!C51 -> Ω | AM59: =Sheet1!D51 -> ϕ | AN59: =Sheet1!E51 -> δ

Sheet Sheet3
A1: No | B1: Kolom 1 | C1: Kolom 2 | D1: Kolom 3 | E1: Kolom 4 | F1: Kunci Jawaban
A2: 1 | B2: ψ | C2: Ω | D2: δ | E2: ϕ | F2: D (ℵ) | K2: ψ | L2: Ω | M2: δ | N2: ϕ | O2: D (ℵ)
A3: 2 | B3: Ω | C3: ℵ | D3: ϕ | E3: ψ | F3: A (δ) | K3: Ω | L3: ℵ | M3: ϕ | N3: ψ | O3: A (δ)
A4: 3 | B4: δ | C4: ϕ | D4: ψ | E4: ℵ | F4: C (Ω) | K4: δ | L4: ϕ | M4: ψ | N4: ℵ | O4: C (Ω)
A5: 4 | B5: ϕ | C5: ℵ | D5: Ω | E5: ψ | F5: A (δ) | K5: ϕ | L5: ℵ | M5: Ω | N5: ψ | O5: A (δ)
A6: 5 | B6: δ | C6: ℵ | D6: ϕ | E6: ψ | F6: C (Ω) | K6: δ | L6: ℵ | M6: ϕ | N6: ψ | O6: C (Ω)
A7: 6 | B7: ψ | C7: δ | D7: ϕ | E7: Ω | F7: D (ℵ) | K7: ψ | L7: δ | M7: ϕ | N7: Ω | O7: D (ℵ)
A8: 7 | B8: ϕ | C8: ℵ | D8: ψ | E8: δ | F8: C (Ω) | K8: ϕ | L8: ℵ | M8: ψ | N8: δ | O8: C (Ω)
A9: 8 | B9: Ω | C9: δ | D9: ϕ | E9: ℵ | F9: E (ψ) | K9: Ω | L9: δ | M9: ϕ | N9: ℵ | O9: E (ψ)
A10: 9 | B10: ψ | C10: ℵ | D10: δ | E10: Ω | F10: B (ϕ) | K10: ψ | L10: ℵ | M10: δ | N10: Ω | O10: B (ϕ)
A11: 10 | B11: ϕ | C11: Ω | D11: ℵ | E11: ψ | F11: A (δ) | K11: ϕ | L11: Ω | M11: ℵ | N11: ψ | O11: A (δ)
A12: 11 | B12: δ | C12: ℵ | D12: Ω | E12: ϕ | F12: E (ψ) | K12: δ | L12: ℵ | M12: Ω | N12: ϕ | O12: E (ψ)
A13: 12 | B13: Ω | C13: ψ | D13: δ | E13: ℵ | F13: B (ϕ) | K13: Ω | L13: ψ | M13: δ | N13: ℵ | O13: B (ϕ)
... A51: 50 | B51: ψ | C51: Ω | D51: ϕ | E51: δ | F51: D (ℵ) | K51: ψ | L51: Ω | M51: ϕ | N51: δ | O51: D (ℵ)
